id,quantile,tot_model,tot_data,mean_model,mean_data,membership_model,membership_data,r2_test
Y9954,100,0.0,0.0,0.0,0.0,0.0,0.0,0.3674119252632946
Y9954,95,29.909374237060547,18.667685727909145,0.10385199636220932,0.18856248210009238,0.7692307692307693,0.2937062937062937,0.311624882157999
Y9954,90,30.80274200439453,22.252528483623614,0.0925007238984108,0.15035492218664603,0.9230769230769231,0.5664335664335665,0.3285616596891912
Y9954,85,17.35017967224121,23.421087403993326,0.060664962977170944,0.12939827295023937,0.993006993006993,0.6993006993006993,0.4317329355426568
Y9954,80,47.08967590332031,24.069904359780335,0.14444686472415924,0.12471453036155614,0.958041958041958,0.7622377622377622,0.3589648300038697
Y9918,100,0.0,0.0,0.0,0.0,0.0,0.0,-2.900646847928043
Y9918,95,2.5790109634399414,16.5942961448094,0.8596703410148621,0.3457145030168625,0.012987012987012988,0.22077922077922077,-2.8727723048056006
Y9918,90,2.869607925415039,17.870780463640894,0.9565359950065613,0.28366318196255386,0.012987012987012988,0.38961038961038963,-2.8785284394313106
Y9918,85,2.6667003631591797,18.278789150025393,0.888900101184845,0.26112555928607706,0.012987012987012988,0.4155844155844156,-2.843755725727514
Y9918,80,2.0041232109069824,18.686797836409884,0.6680410504341125,0.2669542548058555,0.012987012987012988,0.4155844155844156,-2.8997662045600467
Y3820,100,0.0,0.0,0.0,0.0,0.0,0.0,0.4088020840946728
Y3820,95,9.049020767211914,19.37831260782375,0.2827818989753723,0.38756625215647506,0.21739130434782608,0.391304347826087,0.41058701344941084
Y3820,90,7.835917949676514,22.613801108374236,0.17413151264190674,0.3277362479474527,0.30434782608695654,0.4782608695652174,0.4923998743021618
Y3820,85,16.058629989624023,23.748219298690678,0.14467234909534454,0.2553571967601148,0.9130434782608695,0.6811594202898551,0.47319473913754284
Y3820,80,9.115599632263184,24.283472951868177,0.11253827065229416,0.2312711709701731,0.7681159420289855,0.7681159420289855,0.44075560345174875
Y22987,100,0.0,0.0,0.0,0.0,0.0,0.0,-3.1736263058516463
Y22987,95,0.0,9.780876833664118,0.0,0.12539585684184767,0.0,0.42105263157894735,-3.390998102052403
Y22987,90,0.0,11.000844181858099,0.0,0.08397590978517633,0.0,0.6929824561403509,-3.3210224317818877
Y22987,85,0.0,11.982253558499306,0.0,0.06656807532499615,0.0,0.9035087719298246,-3.361089950386984
Y22987,80,0.0,12.56656960274569,0.0,0.0625202467798293,0.0,0.9473684210526315,-3.341301506514995
Y22755,100,0.0,0.0,0.0,0.0,0.0,0.0,0.5319249579955434
Y22755,95,34.61770248413086,17.811423811584397,0.2098042517900467,0.282721012882292,0.6,0.16,0.4038042070648086
Y22755,90,2.1899476051330566,20.39946390656698,0.07299825549125671,0.283325887591208,0.11333333333333333,0.22,0.47876643043323985
Y22755,85,0.0,21.625377635769244,0.0,0.2059559774835166,0.0,0.41333333333333333,0.5582069724112758
Y22755,80,37.94732666015625,22.41022187509981,0.12162604928016663,0.18520844524875876,0.9666666666666667,0.5133333333333333,0.387393967059449
Y22745,100,0.0,0.0,0.0,0.0,0.0,0.0,-0.43394519610973825
Y22745,95,4.291793346405029,23.437474905532543,0.8583586812019348,0.6893374972215454,0.020618556701030927,0.17525773195876287,-0.36986171032081566
Y22745,90,4.268410682678223,28.64192164312471,0.8536821603775024,0.4773653607187452,0.020618556701030927,0.29896907216494845,-0.4071797586647184
Y22745,85,9.048714637756348,34.19566010807206,1.5081191062927246,0.37995177897857846,0.020618556701030927,0.5670103092783505,-0.35731970679831804
Y22745,80,6.685904026031494,35.81986664027365,1.1143172979354858,0.38515985634702854,0.020618556701030927,0.5979381443298969,-0.3422215206681866
Y22719,100,0.0,0.0,0.0,0.0,0.0,0.0,-1.3329890374874063
Y22719,95,0.0,15.98558001145436,0.0,0.26642633352423933,0.0,0.43478260869565216,-1.3308551706056906
Y22719,90,0.0,20.448707277426116,0.0,0.23504261238420823,0.0,0.5217391304347826,-1.3361254125667958
Y22719,85,0.0,21.600952551974384,0.0,0.21819143991893317,0.0,0.5942028985507246,-1.3310877633087803
Y22719,80,0.0,22.352099787914064,0.0,0.2069638869251302,0.0,0.6521739130434783,-1.3294438931204964
Y22691,100,0.0,0.0,0.0,0.0,0.0,0.0,-25.223754504004077
Y22691,95,0.0,3.02807955003006,0.0,0.1044165362079331,0.0,0.20408163265306123,-25.522976411935705
Y22691,90,0.0,3.9591511014243452,0.0,0.10418818687958803,0.0,0.2755102040816326,-25.19874035330016
Y22691,85,0.0,4.428880893118763,0.0,0.0790871588056922,0.0,0.40816326530612246,-25.1863958949955
Y22691,80,0.0,5.07475935669858,0.0,0.06590596567141013,0.0,0.5408163265306123,-25.10625006884792
Y22660,100,0.0,0.0,0.0,0.0,0.0,0.0,-2.4820589699484694
Y22660,95,0.0,6.161781635284086,0.0,0.15799440090472017,0.0,0.20588235294117646,-2.5259353737440975
Y22660,90,0.0,7.418111972444516,0.0,0.1216083929908937,0.0,0.3088235294117647,-2.5533535201638613
Y22660,85,0.0,8.538435906132532,0.0,0.088025112434356,0.0,0.5147058823529411,-2.5316909216071366
Y22660,80,0.0,9.515837856510558,0.0,0.08496283800455855,0.0,0.6102941176470589,-2.4890612386997546
Y21290,100,0.0,0.0,0.0,0.0,0.0,0.0,-167.00646432659494
Y21290,95,0.0,0.32896207894244955,0.0,0.05482701315707492,0.0,0.048,-180.69750121104764
Y21290,90,0.0,0.37621360543311644,0.0,0.026872400388079747,0.0,0.112,-178.89541789353177
Y21290,85,0.0,0.4127954323936339,0.0,0.017947627495375387,0.0,0.152,-180.26513732936715
Y21290,80,0.0,0.47132635553046276,0.0,0.013466467300870364,0.0,0.184,-178.49841274932135
Y21058,100,0.0,0.0,0.0,0.0,0.0,0.0,-0.06446114381071971
Y21058,95,26.514760971069336,47.38781123071737,4.419126987457275,0.7897968538452894,0.014492753623188406,0.21739130434782608,-0.3312808915223802
Y21058,90,9.220390319824219,54.44211996684719,1.5367317199707031,0.5040937033967332,0.014492753623188406,0.39855072463768115,-0.3888390455592565
Y21058,85,15.845161437988281,59.100396252946716,2.6408603191375732,0.37170060536444477,0.014492753623188406,0.6304347826086957,-0.3705389862257954
Y21058,80,6.963449478149414,61.3458441158346,1.1605749130249023,0.36085790656373296,0.014492753623188406,0.6521739130434783,-0.3367061209224248
Y21044,100,0.0,0.0,0.0,0.0,0.0,0.0,-1.4796602001778374
Y21044,95,0.0,17.135537104243426,0.0,0.28559228507072376,0.0,0.36231884057971014,-1.4804115551127635
Y21044,90,0.0,21.183875743284023,0.0,0.22536038024770239,0.0,0.5652173913043478,-1.4827910856660549
Y21044,85,0.0,22.37411559039782,0.0,0.21107656217356435,0.0,0.6376811594202898,-1.4819904711235115
Y21044,80,0.0,23.271691343477233,0.0,0.20413764336383539,0.0,0.6666666666666666,-1.4868566715518643
Y20492,100,374.8748779296875,0.0,1.0298759937286377,0.0,0.9741935483870968,0.0,-30.87155449577903
Y20492,95,491.34185791015625,3.176554622177359,1.0589264631271362,0.030252901163593894,1.0,0.4774193548387097,-19.411436952065877
Y20492,90,600.9418334960938,5.638750258081277,1.3814754486083984,0.029368490927506652,1.0,0.7677419354838709,-52.15126845273966
Y20492,85,301.66851806640625,7.593990953076394,0.6659349203109741,0.030375963812305576,1.0,0.8774193548387097,-58.41982406650318
Y20492,80,819.2034912109375,9.029721855710827,1.7617279291152954,0.030609226629528228,1.0,0.8903225806451613,-43.5704443377371
Y15106,100,6.274829864501953,0.0,6.274829864501953,0.0,0.012987012987012988,0.0,0.6463790995775476
Y15106,95,19.65519142150879,37.85864340643651,3.275865316390991,1.051628983512125,0.025974025974025976,0.2727272727272727,0.6150717216003672
Y15106,90,24.34955406188965,46.790060911565305,4.869910717010498,0.6983591180830643,0.025974025974025976,0.5454545454545454,0.6225871416125355
Y15106,85,20.706771850585938,51.488546326526816,2.588346481323242,0.605747603841492,0.03896103896103896,0.6883116883116883,0.597356106791676
Y15106,80,424.46075439453125,54.53615210204206,10.8836088180542,0.5453615210204206,0.16883116883116883,0.7792207792207793,-0.6948221143586439
Y15085,100,0.0,0.0,0.0,0.0,0.0,0.0,-1.4500140876229906
Y15085,95,0.0,14.123838421608252,0.0,0.24778663897558337,0.0,0.4057971014492754,-1.4510232411303248
Y15085,90,0.0,19.029795375248206,0.0,0.21873328017526675,0.0,0.43478260869565216,-1.4517614630021534
Y15085,85,0.0,20.24794670250573,0.0,0.21771985701619062,0.0,0.5217391304347826,-1.4444188534125635
Y15085,80,0.0,20.533418122104266,0.0,0.21388977210525276,0.0,0.5362318840579711,-1.4452252488166197
Y15064,100,0.0,0.0,0.0,0.0,0.0,0.0,0.04703151190868743
Y15064,95,9.567821502685547,13.184170115535023,0.121111661195755,0.3380556439880775,0.8307692307692308,0.2923076923076923,0.18436486883713266
Y15064,90,10.906421661376953,13.806143167909616,0.12536117434501648,0.3068031815091026,1.0,0.3384615384615385,0.3188945937370851
Y15064,85,2.612206220626831,14.482849848893165,0.2902451455593109,0.2682009231276512,0.046153846153846156,0.4307692307692308,-3.3518404205137893
Y15064,80,2.121717929840088,14.482849848893174,0.23574644327163696,0.26820092312765137,0.046153846153846156,0.4307692307692308,-3.5288756007475883
Y15027,100,0.0,0.0,0.0,0.0,0.0,0.0,0.3792154329228891
Y15027,95,0.0,7.31608481495733,0.0,0.243869493831911,0.0,0.17391304347826086,0.21900345827967552
Y15027,90,0.0,8.683066282624994,0.0,0.1847460911196807,0.0,0.2956521739130435,-0.28982073995638835
Y15027,85,0.28092336654663086,9.995368491585948,0.012214059010148048,0.15144497714524163,0.13043478260869565,0.34782608695652173,-0.18659125504421015
Y15027,80,0.759727954864502,9.995368491585955,0.03165533021092415,0.15144497714524174,0.12173913043478261,0.34782608695652173,0.019350744536358072
Y15010,100,0.0,0.0,0.0,0.0,0.0,0.0,-0.9003913120025744
Y15010,95,0.0,14.423969107224892,0.0,0.3605992276806223,0.0,0.2653061224489796,-0.8920152879412077
Y15010,90,0.0,17.411791279435747,0.0,0.33484213998914897,0.0,0.3469387755102041,-0.9019685506749
Y15010,85,0.0,19.961742960891563,0.0,0.2893006226216169,0.0,0.40816326530612246,-0.8978371484355996
Y15010,80,0.0,21.043540643933422,0.0,0.2505183409992074,0.0,0.4897959183673469,-0.8956917473753812
Y13190,100,977.2269287109375,0.0,2.1960155963897705,0.0,1.0,0.0,-42.42652043933193
Y13190,95,943.71337890625,7.140804291574232,2.0036377906799316,0.06551196597774524,1.0,0.4620253164556962,-25.258657983692387
Y13190,90,901.669921875,11.421403963172576,1.9687116146087646,0.057393989764686314,1.0,0.7721518987341772,-47.435303276126504
Y13190,85,457.07269287109375,17.35332201834859,0.9642883539199829,0.063565282118493,1.0,0.8734177215189873,-52.98887415547272
Y13190,80,1623.5703125,21.067279359990536,3.454404830932617,0.06462355631898938,1.0,0.9556962025316456,-24.93041115511218
Y11442,100,2.5299811363220215,0.0,2.5299811363220215,0.0,0.01818181818181818,0.0,-0.5384360485983781
Y11442,95,10.002141952514648,31.459218026484077,0.9092856049537659,0.7490290006305733,0.09090909090909091,0.36363636363636365,-0.8495805963160163
Y11442,90,15.2169189453125,34.170418092830566,2.5361530780792236,0.6447248696760484,0.05454545454545454,0.509090909090909,-2.835321615144756
Y11442,85,28.51882553100586,35.47728250534218,1.9012550115585327,0.6335229018811104,0.10909090909090909,0.509090909090909,-0.6382365547429685
Y11442,80,44.470252990722656,36.45049536101633,3.4207887649536133,0.5133872586058638,0.10909090909090909,0.6181818181818182,-0.8486900960466207
W99,100,0.0,0.0,0.0,0.0,0.0,0.0,-68.1969339264285
W99,95,0.0,4.243540094321608,0.0,0.02080166712902749,0.0,0.36080178173719374,-68.2453718321276
W99,90,0.0,7.43608504667996,0.0,0.018497723996716318,0.0,0.643652561247216,-68.19250114548134
W99,85,0.0,11.097942330043567,0.0,0.019677202712843206,0.0,0.7839643652561247,-68.20825525990814
W99,80,0.0,14.948162848877736,0.0,0.020448923185879257,0.0,0.8953229398663697,-68.19990016088808
W97,100,0.0,0.0,0.0,0.0,0.0,0.0,-0.11085022034788183
W97,95,0.0,12.650748746219138,0.0,0.21084581243698564,0.0,0.10244988864142539,-0.1111956619817564
W97,90,0.0,16.530248154547568,0.0,0.16697220358128856,0.0,0.18262806236080179,-0.11175778994060526
W97,85,0.0,21.29821531413337,0.0,0.1290800928129295,0.0,0.289532293986637,-0.11146450860723817
W97,80,0.0,26.183280949035044,0.0,0.11334753657590928,0.0,0.38752783964365256,-0.11035525239438515
W96,100,0.0,0.0,0.0,0.0,0.0,0.0,-26.01442133607882
W96,95,0.0,4.004741785367514,0.0,0.018540471228553308,0.0,0.4298440979955457,-25.995796442013596
W96,90,0.0,7.407371132203174,0.0,0.019858903839686793,0.0,0.6703786191536748,-26.005548635555424
W96,85,0.0,10.421883323323794,0.0,0.021532816783726847,0.0,0.77728285077951,-26.008853877422684
W96,80,0.0,13.384390040129729,0.0,0.02183424150102729,0.0,0.8752783964365256,-25.996233729212353
W92,100,0.0,0.0,0.0,0.0,0.0,0.0,-4.958854211611821
W92,95,16.293901443481445,193.30208221605855,1.6293901205062866,0.5822351873977667,0.008908685968819599,0.534521158129176,-4.958859155243732
W92,90,6.219720840454102,312.91685797437634,0.6910800933837891,0.5741593724300483,0.008908685968819599,0.755011135857461,-4.957926750611722
W92,85,17.905166625976562,392.05105986503577,1.49209725856781,0.5842787777422291,0.008908685968819599,0.8418708240534521,-4.9604302938176374
W92,80,24.99436378479004,448.23458486526755,2.0828635692596436,0.5936881918745266,0.008908685968819599,0.8975501113585747,-4.959802309776512
W88,100,0.0,0.0,0.0,0.0,0.0,0.0,-9.859126326029862
W88,95,0.0,8.54541855658196,0.0,0.04747454753656645,0.0,0.3184855233853007,-9.853385311770321
W88,90,0.0,12.931961386467954,0.0,0.039668593210024396,0.0,0.5389755011135857,-9.850093902748991
W88,85,0.0,16.07526244580723,0.0,0.03686986799497071,0.0,0.6592427616926503,-9.85074534262387
W88,80,0.0,19.334459395655095,0.0,0.035541285653777746,0.0,0.7839643652561247,-9.859380155546372
W60,100,0.0,0.0,0.0,0.0,0.0,0.0,-8.041505792166047
W60,95,0.0,2.7033749709808834,0.0,0.042910713825093386,0.0,0.11358574610244988,-8.035797912025396
W60,90,0.0,4.849432848138462,0.0,0.03759250269874777,0.0,0.23385300668151449,-8.037828116024523
W60,85,0.0,6.74369536450893,0.0,0.03746497424727183,0.0,0.32516703786191536,-8.00109479138929
W60,80,0.0,8.68765737879203,0.0,0.034069244622713844,0.0,0.4365256124721604,-8.012830881179038
W4,100,0.0,0.0,0.0,0.0,0.0,0.0,-0.022630310152392696
W4,95,0.0,25.646001237724555,0.0,0.35619446163506324,0.0,0.11741682974559686,-0.02155892861109393
W4,90,0.0,57.5687322558409,0.0,0.3690303349733391,0.0,0.22700587084148727,-0.02255753665710275
W4,85,0.0,84.91037947990742,0.0,0.36757740034591957,0.0,0.30724070450097846,-0.022259016461254333
W4,80,0.0,109.28706291658438,0.0,0.39031093898780134,0.0,0.36007827788649704,-0.02166316291606324
W224,100,0.0,0.0,0.0,0.0,0.0,0.0,-0.5097786742007552
W224,95,0.0,13.286804597851996,0.0,0.21090166028336502,0.0,0.11545988258317025,-0.5090522136386398
W224,90,0.0,25.99325873984021,0.0,0.20467132866015914,0.0,0.1898238747553816,-0.5109177340532154
W224,85,0.0,33.739506058440156,0.0,0.18640611082011135,0.0,0.2583170254403131,-0.5097838574053621
W224,80,0.0,40.70053724445802,0.0,0.15714493144578387,0.0,0.3542074363992172,-0.5113490604159943
W134,100,0.0,0.0,0.0,0.0,0.0,0.0,-57.02797020589702
W134,95,0.0,4.559484783687877,0.0,0.019077342191162663,0.0,0.44543429844098,-57.019593949560615
W134,90,0.0,7.865138966159416,0.0,0.018506209332139804,0.0,0.6726057906458798,-57.10708093898149
W134,85,0.0,10.469446394382176,0.0,0.01986612219047851,0.0,0.7839643652561247,-57.01035848137448
W134,80,0.0,12.670523137550022,0.0,0.019953579744173264,0.0,0.8730512249443207,-56.968346393197834
W133,100,0.0,0.0,0.0,0.0,0.0,0.0,-58.01018385040224
W133,95,0.0,4.054112936750453,0.0,0.01834440242873508,0.0,0.4142538975501114,-58.01478598027659
W133,90,0.0,6.581819762157411,0.0,0.016171547327168086,0.0,0.6547884187082406,-58.06118253315664
W133,85,0.0,8.731016199369325,0.0,0.016662244655284972,0.0,0.7616926503340757,-58.050360437709585
W133,80,0.0,10.828039182340572,0.0,0.01760656777616353,0.0,0.8374164810690423,-58.059006914733004
W122,100,0.0,0.0,0.0,0.0,0.0,0.0,-0.03948287088826452
W122,95,0.0,13.070932438162114,0.0,0.2074751180660653,0.0,0.10690423162583519,-0.04014926351646653
W122,90,0.0,18.35056305535357,0.0,0.16991262088290343,0.0,0.19599109131403117,-0.03950358246526975
W122,85,0.0,23.66688176980786,0.0,0.16099919571297863,0.0,0.26057906458797325,-0.03901216066998198
W122,80,0.0,28.535869933258724,0.0,0.1398817153591114,0.0,0.3363028953229399,-0.03999710284900532
W115,100,0.0,0.0,0.0,0.0,0.0,0.0,-9.74314808127016
W115,95,0.0,8.402781743204894,0.0,0.061785159876506575,0.0,0.22939866369710468,-9.735545110424791
W115,90,0.0,12.078358598226188,0.0,0.054163043041373045,0.0,0.3741648106904232,-9.746440282016982
W115,85,0.0,15.626210787072031,0.0,0.04595944349138833,0.0,0.5100222717149221,-9.743958294290156
W115,80,0.0,18.329073828258256,0.0,0.045145502040044964,0.0,0.5812917594654788,-9.734729864235167
W112,100,0.0,0.0,0.0,0.0,0.0,0.0,-6.150628786003346
W112,95,0.0,10.77747471297279,0.0,0.06158556978841594,0.0,0.31625835189309576,-6.1415354935987345
W112,90,0.0,15.977190707613037,0.0,0.05153932486326786,0.0,0.5055679287305123,-6.1462469569834335
W112,85,0.0,20.354116313144324,0.0,0.048694058165417047,0.0,0.6258351893095768,-6.146961477731971
W112,80,0.0,24.54488388928749,0.0,0.04613699979189378,0.0,0.7371937639198218,-6.148738432890202
W109,100,0.0,0.0,0.0,0.0,0.0,0.0,-44.51857237394099
W109,95,0.0,4.85430607358605,0.0,0.021965185853330543,0.0,0.40311804008908686,-44.48003168290692
W109,90,0.0,7.3783257006105085,0.0,0.01988767035204989,0.0,0.6102449888641426,-44.434791860864095
W109,85,0.0,9.661719280123103,0.0,0.019798605082219475,0.0,0.7527839643652561,-44.468714027097
W109,80,0.0,11.450789773008673,0.0,0.019309932163589668,0.0,0.8351893095768375,-44.48530695653324
W108,100,0.0,0.0,0.0,0.0,0.0,0.0,-46.02783478854749
W108,95,0.0,4.3939023827323815,0.0,0.020155515517121015,0.0,0.38752783964365256,-46.065046696268304
W108,90,0.0,6.592366109601269,0.0,0.017914038341307795,0.0,0.5991091314031181,-46.01047898319484
W108,85,0.0,8.599107026135222,0.0,0.017513456265041187,0.0,0.7483296213808464,-46.04261521475425
W108,80,0.0,10.136036618196211,0.0,0.0170067728493225,0.0,0.8418708240534521,-46.048622571049954
W107,100,0.0,0.0,0.0,0.0,0.0,0.0,-17.025036571982934
W107,95,0.0,3.9175070013656046,0.0,0.022909397668804704,0.0,0.34075723830734966,-17.038553778830014
W107,90,0.0,7.5430895020829425,0.0,0.023720407239254535,0.0,0.5634743875278396,-17.02608203777604
W107,85,0.0,10.17523746507181,0.0,0.022314117247964494,0.0,0.7216035634743875,-17.033648467897592
W107,80,0.0,12.344180047348713,0.0,0.020170228835537114,0.0,0.8530066815144766,-17.027205631064998
W105,100,0.0,0.0,0.0,0.0,0.0,0.0,-186.8136272700977
W105,95,0.0,5.191449590976596,0.0,0.03460966393984397,0.0,0.24276169265033407,-186.81408593580505
W105,90,0.0,7.706360881134016,0.0,0.028228428136022034,0.0,0.44320712694877507,-186.8941126938288
W105,85,0.0,9.27487410604763,0.0,0.02273253457364615,0.0,0.621380846325167,-186.86855752667483
W105,80,0.0,11.124091338567377,0.0,0.020152339381462638,0.0,0.7750556792873051,-186.70720415280866
W103,100,0.0,0.0,0.0,0.0,0.0,0.0,-164.5092788695328
W103,95,0.0,12.577908142877206,0.0,0.0691093854004242,0.0,0.3363028953229399,-164.40653821617636
W103,90,0.0,22.131643757959043,0.0,0.06305311611954144,0.0,0.576837416481069,-164.50050607120966
W103,85,0.0,33.56039865213657,0.0,0.06779878515583146,0.0,0.7260579064587973,-164.52377414101986
W103,80,0.0,45.001978451419475,0.0,0.06849616202651367,0.0,0.8418708240534521,-164.62245858377466
W102,100,0.0,0.0,0.0,0.0,0.0,0.0,-12.755960203002573
W102,95,0.0,10.933033881673051,0.0,0.05784674011467223,0.0,0.3363028953229399,-12.759428674080016
W102,90,0.0,18.118185186551813,0.0,0.05018887863310752,0.0,0.5189309576837416,-12.740296180550102
W102,85,0.0,24.147551692561454,0.0,0.047255482764308125,0.0,0.6971046770601337,-12.759265324322396
W102,80,0.0,29.285112292553045,0.0,0.04685617966808487,0.0,0.8017817371937639,-12.746928045245223
W100,100,0.0,0.0,0.0,0.0,0.0,0.0,-439.01819576290956
W100,95,0.0,9.017491287675847,0.0,0.042535336262621924,0.0,0.38084632516703787,-439.00956547712997
W100,90,0.0,15.368147326929048,0.0,0.03890670209349126,0.0,0.5968819599109132,-439.12272540966785
W100,85,0.0,20.762181050419272,0.0,0.03859141459185738,0.0,0.7394209354120267,-439.1700422841681
W100,80,0.0,26.208634047833716,0.0,0.04032097545820572,0.0,0.8374164810690423,-438.9896826655122
Q5109,100,0.0,0.0,0.0,0.0,0.0,0.0,0.6662900431979395
Q5109,95,11.397464752197266,3.6940022484026582,0.17534561455249786,0.036940022484026586,0.17682926829268292,0.5,0.84984474452773
Q5109,90,15.290824890136719,5.099408878810557,0.0724683627486229,0.0291394793074889,1.0,0.7195121951219512,-0.8446816874592542
Q5109,85,5.662041187286377,6.8046192044145855,0.11324082314968109,0.027437980662962037,0.10975609756097561,0.8536585365853658,-0.822566764104919
Q5109,80,9.984816551208496,7.706852629937308,0.18490400910377502,0.027722491474594633,0.10975609756097561,0.9146341463414634,-0.8666113805054771
Q4810,100,1.2793068885803223,0.0,0.2558613717556,0.0,0.036231884057971016,0.0,0.21844838751876783
Q4810,95,2.395900011062622,15.701444920132925,0.4791800081729889,0.2907674985209801,0.021739130434782608,0.2463768115942029,0.5278416235096799
Q4810,90,1.7892653942108154,25.778037242666606,0.44731634855270386,0.2962992786513403,0.014492753623188406,0.39855072463768115,0.4705336297832327
Q4810,85,5.362194538116455,33.58004387035183,0.8936991095542908,0.28218524260799854,0.021739130434782608,0.5652173913043478,0.1888396967900561
Q4810,80,3.442624807357788,41.595961346645126,0.5737708210945129,0.2971140096188938,0.028985507246376812,0.6376811594202898,0.046914644457388355
Q4808,100,0.0,0.0,0.0,0.0,0.0,0.0,0.39153550128303405
Q4808,95,0.0,10.775276944485862,0.0,0.2565542129639491,0.0,0.23703703703703705,0.29605593896304183
Q4808,90,0.06698352098464966,21.019924074974465,0.06698352098464966,0.2694862060894162,0.007407407407407408,0.4148148148148148,-0.9891272570314475
Q4808,85,0.0,35.19850072519108,0.0,0.2885123010261564,0.0,0.5777777777777777,0.11591971083098815
Q4808,80,0.0,44.679408973189425,0.0,0.312443419392933,0.0,0.6518518518518519,0.18003886499401
Q4803,100,0.0,0.0,0.0,0.0,0.0,0.0,0.5096167715379626
Q4803,95,0.0,7.074925541938162,0.0,1.1791542569896938,0.0,0.028985507246376812,0.553263744059663
Q4803,90,0.0,13.209156619232973,0.0,0.3476093847166572,0.0,0.18840579710144928,0.5363260819169633
Q4803,85,0.0,22.562176286898826,0.0,0.4257014393754495,0.0,0.2536231884057971,0.5448025640049744
Q4803,80,0.0,28.63904574859838,0.0,0.421162437479388,0.0,0.3115942028985507,0.4923720231262063
Q4802,100,0.0,0.0,0.0,0.0,0.0,0.0,0.08738233835278184
Q4802,95,0.8350726962089539,4.5644273805792785,0.2783575654029846,0.19018447419080328,0.022058823529411766,0.14705882352941177,0.058412439645021574
Q4802,90,0.3508559465408325,11.364657205804326,0.3508559465408325,0.2228364158000848,0.007352941176470588,0.29411764705882354,0.2397164320560031
Q4802,85,0.0,18.699901883737184,0.0,0.23086298621897758,0.0,0.4632352941176471,0.17354097188840575
Q4802,80,0.0,25.884893935851537,0.0,0.25130964986263626,0.0,0.5147058823529411,-0.4532956500573145
Q22221,100,268.316650390625,0.0,0.6560309529304504,0.0,0.9856115107913669,0.0,-32.099249689369536
Q22221,95,48.24095153808594,0.09207819388500962,0.1343759149312973,0.00484622073078998,0.9784172661870504,0.1366906474820144,-4.308613111554678
Q22221,90,273.2908935546875,0.31870737535501564,0.6553738713264465,0.006249164222647366,1.0,0.3237410071942446,-86.18542404777972
Q22221,85,140.8680419921875,0.6723179051271841,0.36120009422302246,0.008619460322143387,1.0,0.5035971223021583,-23.700580276628433
Q22221,80,44.5284538269043,1.1957611697274801,0.11476405709981918,0.011723148722818433,0.9856115107913669,0.6330935251798561,-516.848859855805
Q15697,100,27.48404312133789,0.0,0.09957986325025558,0.0,1.0,0.0,-36.99638976290695
Q15697,95,0.0,1.0588252483804963,0.0,0.03781518744216058,0.0,0.16666666666666666,0.14382989509209482
Q15697,90,0.0,2.437893008764528,0.0,0.042032638082147036,0.0,0.3115942028985507,0.16273722839631405
Q15697,85,4.160717487335205,4.286424614135938,0.015075063332915306,0.061234637344799114,1.0,0.34057971014492755,-46.02325061494221
Q15697,80,0.0,5.83280930269098,0.0,0.05662921653098039,0.0,0.5217391304347826,-50.19537838770488
Q15691,100,0.0,0.0,0.0,0.0,0.0,0.0,-9.432343785451092
Q15691,95,0.0,1.2584045687906855,0.0,0.032266783815145784,0.0,0.2391304347826087,-9.41104055399955
Q15691,90,0.0,3.173655983533525,0.0,0.045995014254109054,0.0,0.39855072463768115,-9.372429401964197
Q15691,85,0.0,4.944500895902724,0.0,0.05886310590360386,0.0,0.4782608695652174,-9.410980236696115
Q15691,80,0.0,6.919211419722202,0.0,0.0571835654522496,0.0,0.6231884057971014,-9.515204662957505
Q15690,100,0.0,0.0,0.0,0.0,0.0,0.0,-24.872120610318426
Q15690,95,0.0,0.7983324396726884,0.0,0.04435180220403825,0.0,0.11029411764705882,-24.69979545476567
Q15690,90,0.0,1.3102462864128932,0.0,0.04226600923912559,0.0,0.17647058823529413,-24.899240681750527
Q15690,85,0.0,2.2996978090734497,0.0,0.05348134439705697,0.0,0.25,-24.861929309641063
Q15690,80,0.0,2.6477999912655914,0.0,0.046452631425712126,0.0,0.33088235294117646,-24.98167759980111
Q15685,100,0.0,0.0,0.0,0.0,0.0,0.0,0.4646321053112399
Q15685,95,0.0,1.2514321494588732,0.0,0.2085720249098122,0.0,0.029411764705882353,-5.819713571013092
Q15685,90,0.04808926582336426,6.516478665297539,0.02404463291168213,0.27151994438739746,0.014705882352941176,0.15441176470588236,0.3187157216717636
Q15685,85,11.054101943969727,12.277652078358743,0.34544068574905396,0.34104589106552063,0.19117647058823528,0.19117647058823528,0.22421555082268144
Q15685,80,0.7600945234298706,14.72126163299042,0.15201890468597412,0.27261595616648926,0.022058823529411766,0.27205882352941174,0.5753357396307952
Q15680,100,0.0,0.0,0.0,0.0,0.0,0.0,-29.078868477273254
Q15680,95,0.0,4.640761631288056,0.0,0.08287074341585814,0.0,0.31851851851851853,-29.10309598407148
Q15680,90,0.0,9.791393309553841,0.0,0.09694448821340437,0.0,0.5111111111111111,-29.051716415142433
Q15680,85,0.0,12.834532962381626,0.0,0.08613780511665521,0.0,0.7111111111111111,-29.106493481201376
Q15680,80,0.0,15.796529418402676,0.0,0.09458999651738129,0.0,0.7851851851851852,-29.07237142722423
Q15676,100,0.0,0.0,0.0,0.0,0.0,0.0,-12.595932662891757
Q15676,95,0.0,5.307176280861761,0.0,0.2527226800410362,0.0,0.1323529411764706,-12.691572429892393
Q15676,90,0.0,9.494209645293855,0.0,0.19779603427695533,0.0,0.25,-12.56354490330773
Q15676,85,0.0,14.463631722033744,0.0,0.17856335459300918,0.0,0.39705882352941174,-12.702255000335452
Q15676,80,0.0,18.28307681171266,0.0,0.1692877482565987,0.0,0.4852941176470588,-12.653378395985989
Q15674,100,0.0,0.0,0.0,0.0,0.0,0.0,-3.967723527580815
Q15674,95,0.0,3.8575922384763306,0.0,0.25717281589842206,0.0,0.08148148148148149,-4.013813153460438
Q15674,90,0.0,6.325156794286357,0.0,0.26354819976193156,0.0,0.13333333333333333,-3.982730085987883
Q15674,85,0.0,8.202329149656363,0.0,0.21031613204247085,0.0,0.21481481481481482,-3.9810440391860036
Q15674,80,0.0,10.23000731862728,0.0,0.18944457997457925,0.0,0.3037037037037037,-3.989700100063544
Q15671,100,0.0713840126991272,0.0,0.0356920063495636,0.0,0.014705882352941176,0.0,0.7149746244645083
Q15671,95,0.008655056357383728,1.504594320672641,0.008655056357383728,0.041794286685351144,0.007352941176470588,0.19852941176470587,0.6165026329856104
Q15671,90,0.0,3.163254298162035,0.0,0.0479280954266975,0.0,0.3602941176470588,-0.11292915003765922
Q15671,85,0.0,5.268124495206502,0.0,0.06754005763085259,0.0,0.3897058823529412,-0.3830167477455548
Q15671,80,47.85008239746094,6.952111940142567,0.31480318307876587,0.06437140685317191,0.40441176470588236,0.5514705882352942,-0.13256757141510594
Q15667,100,5.727470397949219,0.0,0.22028732299804688,0.0,0.07407407407407407,0.0,-26.4835810770982
Q15667,95,11.363454818725586,0.5574799883553359,0.21852797269821167,0.09291333139255598,0.21481481481481482,0.044444444444444446,-26.183415317189933
Q15667,90,3.0782008171081543,1.8203885345086013,0.10993574559688568,0.05056634818079448,0.17037037037037037,0.2222222222222222,-24.11318867346938
Q15667,85,32.77517318725586,3.7386025580257694,0.34500181674957275,0.0534086079717967,0.23703703703703705,0.34814814814814815,-26.899760228112754
Q15667,80,19.97985076904297,5.554223723837094,0.31714048981666565,0.05908748642379887,0.24444444444444444,0.45925925925925926,-26.980968795921555
Q15651,100,0.0,0.0,0.0,0.0,0.0,0.0,-49.67625029064854
Q15651,95,0.0,1.3044742042708002,0.0,0.0395295213415394,0.0,0.1897810218978102,-49.62334554777913
Q15651,90,0.0,3.31691094531108,0.0,0.04738444207587257,0.0,0.40875912408759124,-49.59646569893184
Q15651,85,0.0,5.372583474064381,0.0,0.0497461432783739,0.0,0.5620437956204379,-49.70912145880287
Q15651,80,0.0,7.678834324595369,0.0,0.05223696819452632,0.0,0.6715328467153284,-49.49314451428235
Q15643,100,0.0,0.0,0.0,0.0,0.0,0.0,-189.1482921468991
Q15643,95,0.0,1.9843177214582768,0.0,0.04049628002976075,0.0,0.27205882352941174,-188.63042381378656
Q15643,90,0.0,3.701858427820623,0.0,0.046273230347757786,0.0,0.4338235294117647,-188.85440711048744
Q15643,85,0.0,4.565858217855429,0.0,0.046590389978116625,0.0,0.5,-188.5422893569778
Q15643,80,0.0,6.216365126518115,0.0,0.05501208076564704,0.0,0.5367647058823529,-188.2912839065057
Q13050,100,0.0,0.0,0.0,0.0,0.0,0.0,-0.857788067330223
Q13050,95,0.0,1.099802935541385,0.0,0.01593917297886065,0.0,0.3695652173913043,-0.8795097738532666
Q13050,90,0.0,1.9675046022185247,0.0,0.017258812300162497,0.0,0.5652173913043478,-0.8693486503518624
Q13050,85,0.0,2.8673433676614737,0.0,0.01769965041766342,0.0,0.6739130434782609,-0.886864166287679
Q13050,80,0.0,3.713620301828082,0.0,0.020631223899044898,0.0,0.7246376811594203,-0.8693402707375346
Q10414,100,3.193913698196411,0.0,0.2903558015823364,0.0,0.07971014492753623,0.0,0.6833886376580152
Q10414,95,0.0,0.0,0.0,0.0,0.0,0.0,-5.949210697142546
Q10414,90,99.93165588378906,0.26562812635245114,0.43260458111763,0.08854270878415038,0.8333333333333334,0.021739130434782608,0.03170601059888489
Q10414,85,0.12424212694168091,0.8717329881374427,0.02484842576086521,0.04842961045208015,0.036231884057971016,0.13043478260869565,0.8966541052784341
Q10414,80,69.75651550292969,1.7753663591497508,0.6341501474380493,0.07397359829790628,0.41304347826086957,0.15942028985507245,0.5347619121023258
Q10412,100,0.0,0.0,0.0,0.0,0.0,0.0,0.9212266636181936
Q10412,95,0.0,0.0,0.0,0.0,0.0,0.0,-3.526362256885286
Q10412,90,0.0,0.22266956441076824,0.0,0.07422318813692275,0.0,0.022222222222222223,-3.4412006651828557
Q10412,85,0.0,0.7471304422740102,0.0,0.06226087018950085,0.0,0.08888888888888889,-3.451908845001998
Q10412,80,0.0,1.4473847385064489,0.0,0.060307697437768704,0.0,0.17037037037037037,-3.440544425955311
M6864,100,0.0,0.0,0.0,0.0,0.0,0.0,0.5986284082647129
M6864,95,15.91292667388916,657.4843876150971,1.768103003501892,1.660314110139134,0.011428571428571429,0.4361904761904762,-0.29868761518339104
M6864,90,1153.9554443359375,1523.7166520705955,4.455426216125488,2.107491911577587,0.1657142857142857,0.4704761904761905,0.621801310283024
M6864,85,449.65032958984375,1592.4028818926004,1.7986012697219849,2.157727482239296,0.16,0.4819047619047619,0.7063633042786791
M6864,80,523.2675170898438,1601.5771734453365,1.0260146856307983,1.9460232970174198,0.42857142857142855,0.6304761904761905,0.7443054386999786
M43790,100,5.193366050720215,0.0,1.0386731624603271,0.0,0.010238907849829351,0.0,-0.18473211152864139
M43790,95,103.16687774658203,27.447091354234466,1.2581326961517334,0.15248384085685815,0.11604095563139932,0.45733788395904434,-0.07881541974249087
M43790,90,107.92974090576172,50.592075977464845,1.0478615760803223,0.14664369848540534,0.11945392491467577,0.6962457337883959,-0.15165325743473912
M43790,85,60.35934066772461,72.5094119049545,0.6035934090614319,0.14161994512686427,0.11945392491467577,0.856655290102389,-0.03715170289098846
M43790,80,76.20616149902344,82.12735530871632,0.7122071385383606,0.14510133446769669,0.12286689419795221,0.9146757679180887,-0.17630395657038
M36089,100,0.0,0.0,0.0,0.0,0.0,0.0,0.7068333205944257
M36089,95,15.933428764343262,118.88235249913203,1.9916785955429077,0.6716517090346442,0.011396011396011397,0.31339031339031337,0.7191581510135205
M36089,90,5.056628227233887,162.9478964951697,0.6320785284042358,0.45771881037969014,0.014245014245014245,0.49002849002849,0.7132892408482859
M36089,85,1.4827572107315063,192.14857275544784,0.027458466589450836,0.3881789348594906,0.06837606837606838,0.6153846153846154,0.7342974778856136
M36089,80,2.1265625953674316,210.63785715444618,0.021923325955867767,0.3795276705485517,0.10541310541310542,0.6666666666666666,0.6911750316888926
M36087,100,0.0,0.0,0.0,0.0,0.0,0.0,0.752368630312565
M36087,95,1.0243479013442993,122.20768284436602,0.2048695832490921,0.3993715125632876,0.005825242718446602,0.3339805825242718,0.7696869958302928
M36087,90,14.562718391418457,197.11757841806528,0.3386678695678711,0.45004013337457827,0.036893203883495145,0.41941747572815535,0.7328524576036927
M36087,85,20.795801162719727,218.80790415026948,0.6498687863349915,0.4281955071433845,0.02912621359223301,0.4679611650485437,-0.09411463390985692
M36087,80,7.809771537780762,235.29677596841475,0.37189388275146484,0.3807391196899915,0.017475728155339806,0.5339805825242718,-0.09425591907028108
M36073,100,0.0,0.0,0.0,0.0,0.0,0.0,-0.10904991979760376
M36073,95,54.576560974121094,98.73128159974455,1.161203384399414,0.9227222579415378,0.09917355371900827,0.28512396694214875,-0.1040413530142007
M36073,90,99.29784393310547,127.7545489719025,1.418540596961975,0.6868524138274328,0.1115702479338843,0.4090909090909091,-0.11158489799898408
M36073,85,60.74454116821289,143.62790717176054,0.9066349267959595,0.5440451029233354,0.1115702479338843,0.5371900826446281,-0.11857498330885452
M36073,80,47.60455322265625,152.33217999500306,0.6800650358200073,0.45745399397898817,0.1115702479338843,0.6363636363636364,-0.11405778637222541
M36052,100,0.0,0.0,0.0,0.0,0.0,0.0,0.9315440149881544
M36052,95,0.0,3.6572633706967923,0.0,0.030477194755806604,0.0,0.3035143769968051,0.943922569575651
M36052,90,0.44177955389022827,7.028709603886192,0.06311136484146118,0.03166085407155942,0.012779552715654952,0.49201277955271566,-1.728213770871238
M36052,85,0.0,10.782514065161669,0.0,0.03570368895748897,0.0,0.6038338658146964,-1.7468309265789514
M36052,80,0.0,13.783904647089736,0.0,0.03543420217760858,0.0,0.6964856230031949,-1.768370376617325
M36044,100,0.0,0.0,0.0,0.0,0.0,0.0,0.89958893115039
M36044,95,0.0,13.765346563386615,0.0,0.06523860930514984,0.0,0.31784386617100374,0.8948357731414082
M36044,90,0.0015206001698970795,22.053123611072905,0.0015206001698970795,0.05912365579376114,0.0018587360594795538,0.5092936802973977,0.8030584345487886
M36044,85,4.332886695861816,28.07564246055381,0.01859608106315136,0.05694856482870955,0.40892193308550184,0.5966542750929368,0.877829643112632
M36044,80,0.10793861746788025,32.088766220949616,0.03597953915596008,0.05209215295608704,0.0018587360594795538,0.6486988847583643,0.8783222442823289
M36041,100,0.0,0.0,0.0,0.0,0.0,0.0,-2.9590836401893146
M36041,95,0.0,6.049584616884895,0.0,0.03877938856977497,0.0,0.29213483146067415,-2.9621376448752397
M36041,90,0.0,8.290060257670607,0.0,0.029820360639102903,0.0,0.47191011235955055,-2.9668175489801882
M36041,85,0.0,11.970126948592387,0.0,0.02836522973600092,0.0,0.6561797752808989,-2.9617323751224225
M36041,80,0.0,14.788281609150491,0.0,0.027084764851923977,0.0,0.7685393258426966,-2.940168854025714
M35538,100,0.0,0.0,0.0,0.0,0.0,0.0,-2.5901620010851847
M35538,95,0.0048028454184532166,14.046986034152637,0.0048028454184532166,0.0962122331106345,0.0035335689045936395,0.4134275618374558,-2.604227916653945
M35538,90,0.0,19.7333411020862,0.0,0.08770373823149423,0.0,0.5865724381625441,-2.593198306651569
M35538,85,0.03424324840307236,23.49140249599273,0.00856081210076809,0.0879827808838679,0.007067137809187279,0.6607773851590106,-2.5992860496846557
M35538,80,0.14843179285526276,28.009521250464587,0.024738632142543793,0.08725707554661866,0.007067137809187279,0.7173144876325088,-2.5858661380987047
M27948,100,0.0,0.0,0.0,0.0,0.0,0.0,0.8390078227125123
M27948,95,0.0,1.7282304343681132,0.0,0.14401920286400943,0.0,0.03731343283582089,0.8748235025772353
M27948,90,42.76827621459961,3.4564608687362295,0.2949536144733429,0.14401920286400957,0.19029850746268656,0.07462686567164178,-0.49769153099266916
M27948,85,0.08631688356399536,3.456460868736231,0.014386147260665894,0.14401920286400963,0.011194029850746268,0.07462686567164178,-1.4238250791134281
M27948,80,0.22226035594940186,8.641152171840568,0.055565088987350464,0.12001600238667456,0.014925373134328358,0.19776119402985073,-1.4587959037051164
M26710,100,0.0,0.0,0.0,0.0,0.0,0.0,-0.3794157494724747
M26710,95,5.659724235534668,78.87087285744379,1.1319448947906494,0.7105484041211152,0.007792207792207792,0.23116883116883116,-0.28685330445252666
M26710,90,12.528824806213379,100.53358896611014,1.3920916318893433,0.43521034184463264,0.007792207792207792,0.37402597402597404,-0.3466731875061884
M26710,85,11.885588645935059,119.50014760018709,1.3206210136413574,0.3292015085404603,0.007792207792207792,0.5168831168831168,-0.38964678122144686
M26710,80,12.089425086975098,127.46820342656451,1.3432694673538208,0.2950652857096401,0.007792207792207792,0.5844155844155844,-0.29864954127474574
M2575,100,0.0,0.0,0.0,0.0,0.0,0.0,-4.081297802609397
M2575,95,0.0,61.14005197908229,0.0,0.24853679666293613,0.0,0.47527472527472525,-4.088461391757033
M2575,90,0.0,84.09936392221411,0.0,0.18814175374097117,0.0,0.7664835164835165,-4.088160310134587
M2575,85,0.0,109.44099019180221,0.0,0.17153760218150818,0.0,0.9203296703296703,-4.0932977693325805
M2575,80,0.0,131.60505017309825,0.0,0.1740807541972199,0.0,0.967032967032967,-4.0823925589051715
M2573,100,0.0,0.0,0.0,0.0,0.0,0.0,-4.09721251884549
M2573,95,0.0,60.99980470733165,0.0,0.24796668580216116,0.0,0.47527472527472525,-4.101282226961967
M2573,90,0.0,84.45379676416832,0.0,0.18893466837621548,0.0,0.7664835164835165,-4.105953336529625
M2573,85,0.0,109.59878056775969,0.0,0.17341579203759444,0.0,0.9148351648351648,-4.106843078836203
M2573,80,0.0,131.36837848491365,0.0,0.17376769640861595,0.0,0.967032967032967,-4.107659404570295
M2570,100,0.0,0.0,0.0,0.0,0.0,0.0,-4.097184917719829
M2570,95,0.0,61.06987723770458,0.0,0.24825153348660398,0.0,0.47527472527472525,-4.080973832965765
M2570,90,0.0,84.27720757339382,0.0,0.18853961425815174,0.0,0.7664835164835165,-4.0901493258209625
M2570,85,0.0,109.61379596170211,0.0,0.17180845762022273,0.0,0.9203296703296703,-4.094935324268507
M2570,80,0.0,131.23349737230916,0.0,0.17358928223850417,0.0,0.967032967032967,-4.090482496422815
M211,100,0.0,0.0,0.0,0.0,0.0,0.0,-22.172562303552976
M211,95,0.0,7.651172324927835,0.0,0.044743697806595525,0.0,0.47280334728033474,-22.17840886109853
M211,90,0.0,12.348662683291277,0.0,0.042728936620385044,0.0,0.7112970711297071,-22.167216654235936
M211,85,0.0,17.202357376424604,0.0,0.045750950469214374,0.0,0.8158995815899581,-22.174880306787937
M211,80,0.0,19.650505314096577,0.0,0.043667789586881285,0.0,0.8744769874476988,-22.174582353597007
M17144,100,0.0,0.0,0.0,0.0,0.0,0.0,0.6492142450824268
M17144,95,59.89186096191406,229.90317435319088,0.33273255825042725,1.0083472559350477,0.21739130434782608,0.2971014492753623,0.5690299588396893
M17144,90,29.174644470214844,268.5552278155877,0.2752324938774109,0.6304113329004407,0.10326086956521739,0.4257246376811594,0.5865698574026855
M17144,85,28.24327278137207,295.7125902972159,0.14483729004859924,0.4693850639638348,0.2572463768115942,0.552536231884058,0.6256956725553838
M17144,80,13.707452774047852,313.0823352306395,0.13845911622047424,0.4013876092700506,0.07608695652173914,0.6286231884057971,0.5838144722745033
M17143,100,0.0,0.0,0.0,0.0,0.0,0.0,0.7138900803191708
M17143,95,0.0,53.196175511804825,0.0,0.5215311324686748,0.0,0.2775800711743772,0.6996541217719904
M17143,90,19.961952209472656,73.04961224113262,0.14786630868911743,0.3381926492645029,0.27402135231316727,0.4377224199288256,0.679385730000349
M17143,85,0.0,87.25477172493805,0.0,0.2908492390831268,0.0,0.5765124555160143,0.6580498508838806
M17143,80,0.0,94.63052209162225,0.0,0.2503452965386832,0.0,0.6832740213523132,0.5840483320790006
M17142,100,0.00615692138671875,0.0,0.00615692138671875,0.0,0.0035587188612099642,0.0,-0.6569438689306949
M17142,95,7.361584663391113,169.0407338356385,0.6134653687477112,1.2521535839676925,0.021352313167259787,0.35231316725978645,-0.646471088574672
M17142,90,10.703193664550781,196.46684680436005,0.6689496040344238,0.6548894893478668,0.02491103202846975,0.5622775800711743,-0.6324817344652588
M17142,85,11.666094779968262,220.47070720376104,0.6140049695968628,0.49993357642576197,0.03202846975088968,0.7473309608540926,-0.639604617046124
M17142,80,6.444398403167725,235.46167407202768,0.4027749001979828,0.4212194527227687,0.03202846975088968,0.8754448398576512,-0.6639550152043974
M17132,100,0.0,0.0,0.0,0.0,0.0,0.0,0.7572093083747344
M17132,95,0.23156660795211792,19.45660430528452,0.11578330397605896,0.1544174944863851,0.008064516129032258,0.3951612903225806,-0.2500450144554828
M17132,90,0.0,47.829410468922255,0.0,0.1853853118950475,0.0,0.6733870967741935,-0.30392411415280157
M17132,85,0.0,72.19705955191836,0.0,0.19252549213844897,0.0,0.8629032258064516,-0.3038570826847915
M17132,80,0.00631038099527359,91.7678816738017,0.00631038099527359,0.188048937856151,0.004032258064516129,0.9717741935483871,-0.302791345670663
M17088,100,0.0,0.0,0.0,0.0,0.0,0.0,-4.575706531720331
M17088,95,0.0,176.40497011745242,0.0,0.5564825555755597,0.0,0.38425925925925924,-4.61534635334746
M17088,90,0.0,235.82484559621503,0.0,0.47931879186222565,0.0,0.4444444444444444,-4.628266451573542
M17088,85,0.0,244.04886472369833,0.0,0.43502471430249257,0.0,0.5555555555555556,-4.598111775376064
M17088,80,0.0,249.7921887705054,0.0,0.4003079948245279,0.0,0.6550925925925926,-4.586319284612092
H414,100,0.0,0.0,0.0,0.0,0.0,0.0,-0.08353930265742432
H414,95,0.0,2.885898261312206,0.0,0.12024576088800859,0.0,0.1099476439790576,-0.0854927335058771
H414,90,0.0,7.7769846878412965,0.0,0.144018234960024,0.0,0.19895287958115182,-0.0841339720871192
H414,85,0.0,12.817477291386545,0.0,0.15258901537364936,0.0,0.32460732984293195,-0.08404374884518034
H414,80,0.0,19.501437842109578,0.0,0.16251198201757983,0.0,0.4607329842931937,-0.08568358708394347
H274,100,0.0,0.0,0.0,0.0,0.0,0.0,0.898322268596859
H274,95,0.0,1.4231050164556471,0.0,0.05929604235231863,0.0,0.1256544502617801,0.8448207334669129
H274,90,0.010785102844238281,10.43610345400806,0.005392551422119141,0.21741882195850126,0.010471204188481676,0.16753926701570682,0.922508369860652
H274,85,4.425497531890869,17.78881270569547,0.12293048948049545,0.23718416940927292,0.06282722513089005,0.225130890052356,0.8576388734402962
H274,80,0.32884493470191956,29.76661326086378,0.019343819469213486,0.2544154979561007,0.08900523560209424,0.3717277486910995,0.9118212686268926
H272,100,3.34006404876709,0.0,0.1964743584394455,0.0,0.08900523560209424,0.0,0.8604673231703235
H272,95,19.201505661010742,0.0,0.27828270196914673,0.0,0.24607329842931938,0.0,0.8293231440271042
H272,90,3.529850959777832,3.7441652092333015,0.055153921246528625,0.056729775897474265,0.28272251308900526,0.2931937172774869,0.8338083272622016
H272,85,6.036029815673828,5.779037605555693,0.08622899651527405,0.07705383474074258,0.2617801047120419,0.3403141361256545,0.8500978925494244
H272,80,1.6367371082305908,8.709253856259956,0.04091842845082283,0.08064123940981441,0.15706806282722513,0.450261780104712,0.827177526315266
H271,100,0.0,0.0,0.0,0.0,0.0,0.0,0.9470294601473536
H271,95,0.38734591007232666,10.158862985309613,0.038734592497348785,0.3503056201830901,0.04712041884816754,0.1518324607329843,0.9508368919955579
H271,90,7.365979194641113,20.20484971522689,0.19384156167507172,0.31084384177272134,0.10471204188481675,0.21465968586387435,0.9449255983916627
H271,85,4.18264102935791,23.816889887781464,0.10456602275371552,0.2480926029977236,0.10471204188481675,0.3403141361256545,0.8863701577782184
H271,80,1.3531123399734497,32.50836155299078,0.09665088355541229,0.2778492440426562,0.05235602094240838,0.4083769633507853,0.8666519342961859
H270,100,87.08152770996094,0.0,0.5277668237686157,0.0,0.4397905759162304,0.0,-0.05678908155116358
H270,95,5.15842866897583,0.08900792169842109,0.11996345967054367,0.02966930723280703,0.13612565445026178,0.015706806282722512,0.8732346293521707
H270,90,47.83428955078125,1.6021425905715767,0.33450552821159363,0.03141456059944268,0.4607329842931937,0.24607329842931938,0.6640350221942055
H270,85,25.021711349487305,3.7383327113337597,0.1762092411518097,0.05192128765741333,0.5497382198952879,0.2931937172774869,0.7519961685770403
H270,80,75.25251007080078,7.12063373587385,0.4645216763019562,0.06246169943748991,0.43455497382198954,0.36649214659685864,0.5574057661670518
H269,100,0.7826751470565796,0.0,0.05217834189534187,0.0,0.05759162303664921,0.0,0.9684565150750207
H269,95,4.724552631378174,6.850230297782173,0.15240491926670074,0.28542626240759056,0.11518324607329843,0.1256544502617801,0.9686362710341453
H269,90,1.3414041996002197,14.659492837253804,0.03439497947692871,0.3054061007761209,0.1256544502617801,0.16753926701570682,0.9532320097762257
H269,85,2.612335205078125,22.60575998268105,0.046648841351270676,0.20931259243223194,0.17277486910994763,0.35602094240837695,0.9736887917488111
H269,80,2.052110195159912,28.770967250685082,0.02850153110921383,0.2131182759310006,0.23036649214659685,0.4031413612565445,0.9675330959867526
H268,100,8.60214614868164,0.0,0.5060086250305176,0.0,0.04712041884816754,0.0,0.8916261710894242
H268,95,7.257885456085205,0.9101004854307269,0.12733131647109985,0.028440640169710214,0.20418848167539266,0.16753926701570682,0.8994734872938136
H268,90,21.573251724243164,4.571186529095215,0.28017210960388184,0.06722333131022375,0.3036649214659686,0.2931937172774869,0.8826944553278433
H268,85,1.9862529039382935,6.74301723296401,0.06620842963457108,0.06421921174251438,0.10471204188481675,0.35602094240837695,0.9010372399675948
H268,80,30.710294723510742,9.349214077606531,0.25591912865638733,0.07420011172703596,0.38219895287958117,0.39267015706806285,0.8395422081921659
H267,100,0.0,0.0,0.0,0.0,0.0,0.0,0.9675214747595187
H267,95,2.0986340045928955,1.9532960248522429,0.06558231264352798,0.0542582229125623,0.12041884816753927,0.14659685863874344,0.9644814288283179
H267,90,0.6103336811065674,5.9486742575045675,0.04694874584674835,0.12393071369801183,0.041884816753926704,0.16753926701570682,0.9637652874787708
H267,85,0.10014325380325317,9.174572237942355,0.012517906725406647,0.1504028235728255,0.041884816753926704,0.193717277486911,0.9693463296581482
H267,80,3.1551897525787354,17.402091857774426,0.05535420775413513,0.1722979391858854,0.16753926701570682,0.3507853403141361,0.9562026601067554
H266,100,0.0,0.0,0.0,0.0,0.0,0.0,0.85812571840873
H266,95,0.8224518895149231,2.3321542197978387,0.16449037194252014,0.09717309249157662,0.02617801047120419,0.1256544502617801,0.8429825882950515
H266,90,1.4845795631408691,6.763247237413844,0.08732821047306061,0.11865346030550604,0.08900523560209424,0.24607329842931938,0.8665922848057421
H266,85,0.0,19.35688002432228,0.0,0.215076444714692,0.0,0.32460732984293195,0.8844683396917128
H266,80,4.050291061401367,28.685496903513837,0.16876213252544403,0.23904580752928198,0.1256544502617801,0.3769633507853403,0.8662894866900408
H265,100,1.916110634803772,0.0,0.11271239072084427,0.0,0.08900523560209424,0.0,0.9791777743119097
H265,95,4.688693523406982,4.695141487413383,0.1233866736292839,0.09206159779241928,0.1256544502617801,0.25654450261780104,0.8873276803085772
H265,90,3.6023006439208984,6.177817746596581,0.052207253873348236,0.08580302425828584,0.2513089005235602,0.2931937172774869,0.9808064015061566
H265,85,4.931923866271973,8.340053957905404,0.060145411640405655,0.0794290853133848,0.225130890052356,0.3507853403141361,0.959382915668014
H265,80,3.195175886154175,13.282308155182692,0.05916992202401161,0.10541514408875152,0.17801047120418848,0.387434554973822,0.9527815572360191
H264,100,0.0,0.0,0.0,0.0,0.0,0.0,0.9753773458655913
H264,95,0.0,0.38489887800209865,0.0,0.06414981300034978,0.0,0.031413612565445025,0.9776625469754413
H264,90,0.3756221532821655,8.852674194048122,0.026830153539776802,0.17358184694212003,0.04712041884816754,0.17277486910994763,0.9574976693153043
H264,85,1.3911724090576172,15.011056242081644,0.046372413635253906,0.2001474165610886,0.06282722513089005,0.225130890052356,0.9728036157738634
H264,80,0.40871670842170715,23.73543081012905,0.02404215931892395,0.2138327100011626,0.05235602094240838,0.3612565445026178,0.957861539645888
H263,100,1.9195549488067627,0.0,0.061921127140522,0.0,0.16230366492146597,0.0,0.9829388864339184
H263,95,5.189969062805176,0.4197136691710275,0.17299896478652954,0.023317426065057083,0.15706806282722513,0.09424083769633508,0.9695634817574086
H263,90,21.421390533447266,4.796727647668881,0.23539990186691284,0.06662121732873445,0.39267015706806285,0.2931937172774869,0.9674094676021456
H263,85,1.0264019966125488,7.674764236270251,0.031103091314435005,0.1065939477259757,0.09424083769633508,0.2931937172774869,0.9773604741796871
H263,80,1.8590264320373535,11.751982736788753,0.035075969994068146,0.09554457509584352,0.2774869109947644,0.38219895287958117,0.9802471322374234
H262,100,0.0,0.0,0.0,0.0,0.0,0.0,0.9569247325615338
H262,95,0.06945908069610596,0.5218132402274686,0.013891816139221191,0.04348443668562238,0.02617801047120419,0.06282722513089005,0.9605289914915327
H262,90,0.0866079330444336,3.3917860614786113,0.01732158660888672,0.08075681098758598,0.02617801047120419,0.15706806282722513,0.9724313097692115
H262,85,1.6500636339187622,17.350290237563502,0.041251592338085175,0.19278100263959447,0.1099476439790576,0.24083769633507854,0.9627120643328088
H262,80,1.5812623500823975,25.96020870131678,0.04273682087659836,0.2545118500129096,0.1256544502617801,0.28272251308900526,0.9508642667388361
H261,100,0.0,0.0,0.0,0.0,0.0,0.0,0.9054197958978102
H261,95,0.00026661157608032227,2.75521529080316,0.00026661157608032227,0.07653375807786555,0.005235602094240838,0.18848167539267016,0.8875954852164867
H261,90,9.00582218170166,4.469571471747306,0.09005822241306305,0.05320918418746793,0.32460732984293195,0.3507853403141361,0.8233892864739336
H261,85,14.78565502166748,7.245195764704475,0.14081576466560364,0.053273498269885845,0.2931937172774869,0.5445026178010471,0.909396998618347
H261,80,24.916719436645508,7.2451957647045795,0.1873437613248825,0.053273498269886616,0.39790575916230364,0.5445026178010471,0.895153161901078
H260,100,155.06912231445312,0.0,0.6742135882377625,0.0,0.5916230366492147,0.0,0.28182936672127396
H260,95,71.85966491699219,0.46672770325096813,0.4381686747074127,0.025929316847276007,0.42408376963350786,0.09424083769633508,0.5725224595519166
H260,90,17.343650817871094,1.555759010836561,0.231248676776886,0.03704188121039431,0.21465968586387435,0.2198952879581152,0.8187911718110543
H260,85,10.227790832519531,3.34488187329863,0.15735062956809998,0.04847654888838594,0.2198952879581152,0.2879581151832461,0.5973530543985147
H260,80,9.400887489318848,8.167734806891987,0.10931264609098434,0.07358319645848638,0.32460732984293195,0.3612565445026178,0.7481962812973816
H259,100,31.230844497680664,0.0,0.7435915470123291,0.0,0.07853403141361257,0.0,0.6796216654603522
H259,95,1.7175978422164917,0.1669003690759987,0.03505301848053932,0.027816728179333117,0.14136125654450263,0.031413612565445025,0.8650758418357292
H259,90,79.09298706054688,1.168302583531974,0.5237945914268494,0.03245284954255483,0.4816753926701571,0.18848167539267016,0.5524724896221302
H259,85,31.714420318603516,3.2545571969818896,0.15320976078510284,0.04339409595975853,0.5287958115183246,0.29842931937172773,0.7644686358140986
H259,80,12.250414848327637,5.924963102197863,0.15123969316482544,0.0617183656478944,0.3507853403141361,0.33507853403141363,0.5462623247408844
H258,100,30.246234893798828,0.0,0.32176846265792847,0.0,0.25654450261780104,0.0,0.6162315689701438
H258,95,0.14686158299446106,0.5260376752627136,0.018357697874307632,0.029224315292372977,0.031413612565445025,0.09424083769633508,0.9449463422729206
H258,90,0.0206335186958313,1.5781130257881193,0.004126703832298517,0.04383647293855887,0.02617801047120419,0.14659685863874344,0.9242274418645499
H258,85,1.4189943075180054,3.682263726838981,0.07094971835613251,0.05114255176165251,0.10471204188481675,0.2094240837696335,0.9147964395579872
H258,80,45.95428466796875,9.030313425343195,0.30035480856895447,0.08600298500326853,0.3717277486910995,0.3507853403141361,0.8127712876200561
H257,100,45.603919982910156,0.0,0.5182263851165771,0.0,0.2931937172774869,0.0,0.7181747827942353
H257,95,68.47489929199219,0.8010401567335538,0.5267300009727478,0.029668153953094585,0.418848167539267,0.13089005235602094,0.7003959128290337
H257,90,12.829102516174316,2.225111546482119,0.1914791464805603,0.046356490551710816,0.28272251308900526,0.16753926701570682,0.9127539862944978
H257,85,13.387297630310059,6.408321253868522,0.15041907131671906,0.08900446185928503,0.2094240837696335,0.2931937172774869,0.8582711129360474
H257,80,60.59403991699219,12.46062466029982,0.29702961444854736,0.10650106547264802,0.643979057591623,0.3717277486910995,0.5390379734958196
H256,100,0.0,0.0,0.0,0.0,0.0,0.0,0.9035948840491254
H256,95,0.0,0.0,0.0,0.0,0.0,0.0,0.9233030759895049
H256,90,0.0,6.658513617372887,0.0,0.13871903369526847,0.0,0.16753926701570682,0.8976127491889623
H256,85,0.6839321255683899,11.358640876694896,0.04274575784802437,0.23663835159781033,0.041884816753926704,0.16753926701570682,0.9103939468876967
H256,80,2.0620288848876953,17.037961315042384,0.0572785809636116,0.17747876369835816,0.1256544502617801,0.33507853403141363,0.8852381345482041
H174,100,0.0,0.0,0.0,0.0,0.0,0.0,0.9600697097119941
H174,95,4.1219024658203125,1.3054095806533481,0.22899457812309265,0.033472040529573026,0.04712041884816754,0.20418848167539266,0.8258080790754297
H174,90,0.16672277450561523,2.6876079601686835,0.020840346813201904,0.049770517780901545,0.041884816753926704,0.2617801047120419,0.972571398683191
H174,85,1.2714383602142334,5.1448495237514695,0.039732448756694794,0.053592182539077805,0.08376963350785341,0.33507853403141363,0.9779568866189953
H174,80,5.873775005340576,10.980798237260608,0.0863790437579155,0.09150665197717173,0.18848167539267016,0.3769633507853403,0.9572834834869006
D588,100,3364.41796875,0.0,1.5554405450820923,0.0,0.997872340425532,0.0,-2.7400297920888583
D588,95,1243.9388427734375,5.974296674910919,0.4541580379009247,0.023993159336991643,1.0,0.2053191489361702,-8.295671395376173
D588,90,1387.3292236328125,11.667318279852418,0.5477020144462585,0.023012462090438696,1.0,0.3829787234042553,-2.078128888244593
D588,85,2624.20947265625,17.114850974382726,0.9375525116920471,0.023671993048938765,1.0,0.5351063829787234,-1.300161350192107
D588,80,1117.324951171875,21.951673806753824,0.4083789885044098,0.0231557740577572,1.0,0.6659574468085107,-3.4845925528034005
D585,100,0.0,0.0,0.0,0.0,0.0,0.0,0.7596102864576131
D585,95,10.197270393371582,3.543047000833411,0.014778653159737587,0.023157169940087655,0.41914893617021276,0.1372340425531915,0.7859290091535533
D585,90,8.295053482055664,8.41224138437171,0.014733664691448212,0.02503643269158247,0.5989361702127659,0.2553191489361702,0.2741739996178497
D585,85,26.028791427612305,12.416230966847987,0.032864633947610855,0.02434555091538821,0.7287234042553191,0.3829787234042553,0.5301194523244002
D585,80,7.463642597198486,16.292681264452213,0.030588699504733086,0.02403050333990002,0.17872340425531916,0.5010638297872341,0.5185364448220072
D457,100,0.0,0.0,0.0,0.0,0.0,0.0,0.7540758847294698
D457,95,187.93429565429688,17.57404195751646,0.31907349824905396,0.30831652557046424,0.24571428571428572,0.056,0.7292017885816509
D457,90,34.16096878051758,20.079844403087627,1.7979457378387451,0.12023858924004567,0.012571428571428572,0.16914285714285715,0.9164289771410323
D457,85,47.60512924194336,23.125779881190468,5.289458751678467,0.09104637748500184,0.0034285714285714284,0.25942857142857145,0.877723516099408
D457,80,16.211252212524414,25.902663361608546,1.8012502193450928,0.07732138316898074,0.0034285714285714284,0.3405714285714286,-0.06369224246748578
D454,100,0.0,0.0,0.0,0.0,0.0,0.0,0.99621862122639
D454,95,0.0,2.9881552139658147,0.0,0.018559970273079596,0.0,0.15227272727272728,0.9958496370175625
D454,90,0.006677448749542236,6.730978055132525,0.003338724374771118,0.019067926501791854,0.0022727272727272726,0.31136363636363634,0.9949064712535131
D454,85,2.1055827140808105,9.536075772111538,0.008884315378963947,0.01779118614199914,0.20681818181818182,0.4284090909090909,0.9963731307673555
D454,80,1.2238898277282715,13.076274419247211,0.007285058498382568,0.019117360262057327,0.18977272727272726,0.5204545454545455,0.9956070613817629
D453,100,0.0,0.0,0.0,0.0,0.0,0.0,0.9732824326987066
D453,95,1.0254695415496826,3.3176055922206205,0.02384812943637371,0.016755583799094042,0.04090909090909091,0.19318181818181818,0.9665297480403799
D453,90,0.6008340120315552,7.521386805973839,0.024033360183238983,0.016422241934440696,0.017045454545454544,0.39545454545454545,0.969281375451499
D453,85,9.480269432067871,11.27083635509749,0.02012796141207218,0.01650195659604318,0.3397727272727273,0.5329545454545455,0.9727166048967427
D453,80,2.3658370971679688,15.802370049203276,0.03197077289223671,0.01723268271450739,0.031818181818181815,0.6625,0.9708163813317856
D452,100,0.0,0.0,0.0,0.0,0.0,0.0,0.979115060145054
D452,95,3.677018880844116,6.340060660255684,0.3677018880844116,0.09606152515538915,0.004545454545454545,0.06704545454545455,0.9781665813007798
D452,90,3.261497974395752,8.224431838700564,0.09059716761112213,0.04726684964770439,0.02727272727272727,0.15681818181818183,0.9819252980134718
D452,85,6.875462055206299,9.981545745324812,0.4297163784503937,0.034658144949044484,0.006818181818181818,0.2375,0.9793111070383653
D452,80,6.481138706207275,12.481023758426353,0.008561610244214535,0.03151773676370291,0.4875,0.2909090909090909,0.9794153662406824
D451,100,0.0,0.0,0.0,0.0,0.0,0.0,-0.3510403987987033
D451,95,0.0,0.0,0.0,0.0,0.0,0.0,0.09594295086683244
D451,90,0.0,0.0033825221339012015,0.0,0.0011275073779670672,0.0,0.003409090909090909,0.9289824702557142
D451,85,0.8617452383041382,0.06111643514082629,0.013056745752692223,0.005093036261735524,0.075,0.013636363636363636,-1.8952239224251097
D451,80,0.007659215480089188,0.17537131831904307,0.0005470868200063705,0.00835101515804967,0.014772727272727272,0.02159090909090909,-1.8204704504550728
D450,100,0.0,0.0,0.0,0.0,0.0,0.0,-0.8596647711023394
D450,95,0.0,0.0,0.0,0.0,0.0,0.0,-0.7563172095563844
D450,90,0.0,0.002964421403659663,0.0,0.0009881404678865544,0.0,0.003409090909090909,-0.4914137652687842
D450,85,3.625521659851074,0.06221995207532492,0.01831071637570858,0.005184996006277077,0.1125,0.013636363636363636,0.7550209244258705
D450,80,26.59972381591797,0.17680525683723403,0.01963079161942005,0.008419297944630191,0.8227272727272728,0.02159090909090909,0.8671864667746011
D449,100,0.0,0.0,0.0,0.0,0.0,0.0,0.9870929597028028
D449,95,0.6728718280792236,17.45014382053109,0.0480622723698616,0.06322515877004017,0.014705882352941176,0.23755656108597284,0.987365415974034
D449,90,2.7394723892211914,28.188831989264713,0.02536548487842083,0.061953476899482884,0.12217194570135746,0.34615384615384615,0.989086390163454
D449,85,2.0307650566101074,37.795956235261,0.04144418612122536,0.06373685705777572,0.04072398190045249,0.42194570135746606,0.9891630546327951
D449,80,1.6337435245513916,46.05304630621887,0.052701402455568314,0.06405152476525573,0.014705882352941176,0.4819004524886878,0.9909860953293483
D448,100,0.0,0.0,0.0,0.0,0.0,0.0,0.6166487689620918
D448,95,3.28004789352417,9.861400496040366,0.09939539432525635,0.04382844664906829,0.023255813953488372,0.2081949058693245,0.662059405697461
D448,90,1.6617804765701294,22.870635989326644,0.04373106360435486,0.052216063902572246,0.02547065337763012,0.35658914728682173,0.6582549211292709
D448,85,2.92012882232666,31.954174747013624,0.039461199194192886,0.05635656921871891,0.05537098560354374,0.43410852713178294,0.6693418532491182
D448,80,6.436247825622559,39.53503547672767,0.025240188464522362,0.05704911324203127,0.17940199335548174,0.5005537098560354,0.6419608780664339
D447,100,0.0,0.0,0.0,0.0,0.0,0.0,0.6548231499036133
D447,95,909.917236328125,36.16902765057637,1.0043236017227173,0.10960311409265566,0.4883720930232558,0.2901439645625692,0.3081395420794745
D447,90,80.48338317871094,63.78662864241003,0.12157610803842545,0.10222216128591351,0.42414174972314506,0.47729789590254706,-0.033123381956254055
D447,85,1.3156964778900146,84.9162802890917,0.013563881628215313,0.09805575091119134,0.10520487264673312,0.6013289036544851,0.6737071952068256
D447,80,112.28218078613281,102.39376029555876,0.11806748807430267,0.09678049177273985,0.7021040974529347,0.7198228128460686,0.43896448555869344
D4227,100,0.0,0.0,0.0,0.0,0.0,0.0,0.9776904775992369
D4227,95,0.0711992084980011,5.212119362494099,0.03559960424900055,0.045720345285035956,0.0022727272727272726,0.11363636363636363,0.9645492676476621
D4227,90,4.064465522766113,9.435401738675315,0.025089293718338013,0.03381864422464271,0.18409090909090908,0.2681818181818182,0.9744601045019535
D4227,85,15.423384666442871,14.484875361244502,0.021815253421664238,0.03360759944604293,0.7886363636363637,0.3886363636363636,0.9738379152578508
D4227,80,0.03415717929601669,18.509649473927432,0.006831435952335596,0.02995088911638743,0.003409090909090909,0.5261363636363636,0.9736306590649133
D4226,100,0.0,0.0,0.0,0.0,0.0,0.0,0.9760600772159279
D4226,95,0.0,0.16050064688096488,0.0,0.013375053906747073,0.0,0.013636363636363636,0.9784463572317514
D4226,90,0.0037670284509658813,0.6807817909753854,0.0012556761503219604,0.008104545130659349,0.003409090909090909,0.08636363636363636,0.9784496277009407
D4226,85,0.0,1.7260916956215984,0.0,0.008103716880852575,0.0,0.19545454545454546,0.979421315608923
D4226,80,0.0,3.0151806015659783,0.0,0.008664312073465455,0.0,0.3079545454545455,0.9775574928857587
D4099,100,0.0,0.0,0.0,0.0,0.0,0.0,0.9448263530808709
D4099,95,55.60118865966797,310.38305979467077,0.11370386183261871,0.30549513759317987,0.13562753036437247,0.3147773279352227,0.944612334004552
D4099,90,135.93719482421875,386.91352150725277,0.1810082495212555,0.23839403666497397,0.20091093117408906,0.506578947368421,0.9349174180744761
D4099,85,223.6397705078125,436.46948364537957,0.23791465163230896,0.20893704339175662,0.2125506072874494,0.6265182186234818,0.9327722432571013
D4099,80,140.72662353515625,482.55188163550514,0.14272476732730865,0.1960795943256827,0.2515182186234818,0.7226720647773279,0.9076898392513788
D2194,100,0.0,0.0,0.0,0.0,0.0,0.0,0.14834994388874173
D2194,95,89221.1875,9009.938263939282,157.35659790039062,14.722121346306016,0.12235746316463805,0.15502882767456758,0.7693949242422873
D2194,90,57997.8359375,9040.15040003962,102.28895568847656,12.101941633252503,0.12235746316463805,0.22998078155028828,0.6178818145873943
D2194,85,60280.1484375,9055.95507236915,103.75240325927734,9.644254603162034,0.12812299807815503,0.336322869955157,-0.7380471956519539
D2194,80,102475.5390625,9071.73753152604,179.15304565429688,7.936778242804934,0.12556053811659193,0.42664958360025623,0.28342280456713104
D2047,100,0.0,0.0,0.0,0.0,0.0,0.0,0.9879782089957636
D2047,95,6.122844696044922,4.1586085366513625,0.019193870946764946,0.020385335963977267,0.18808962264150944,0.10908018867924528,0.9728509452669962
D2047,90,0.7550547122955322,10.883994860530674,0.007402497343719006,0.020305960560691557,0.060141509433962265,0.27004716981132076,0.978473253712009
D2047,85,7.260714530944824,17.8696855384364,0.02547619119286537,0.020706472234572885,0.14327830188679244,0.40153301886792453,0.9772589191664329
D2047,80,0.10379898548126221,24.922202235849596,0.003243718296289444,0.019937761788679675,0.018867924528301886,0.5430424528301887,0.9890773910999286
D2016,100,0.0,0.0,0.0,0.0,0.0,0.0,0.9339198515692635
D2016,95,273.6103515625,138.1173325905388,0.3036740720272064,0.2581632384869884,0.6625,0.3875,0.9780295878232239
D2016,90,1690.16796875,194.40219168778918,1.0096583366394043,0.21966349343253014,0.9215909090909091,0.5477272727272727,0.9564155552739309
D2016,85,3448.825927734375,227.35306971462703,1.7925291061401367,0.21228111084465642,0.9534090909090909,0.634090909090909,0.9294539234870328
D2016,80,308.9399108886719,246.740837257156,0.20419028401374817,0.19142035473790225,0.6727272727272727,0.7056818181818182,0.9389174784852744
D2015,100,0.0,0.0,0.0,0.0,0.0,0.0,0.9902177300651424
D2015,95,0.0,0.11036085459868245,0.0,0.012262317177631384,0.0,0.009966777408637873,0.9811304846347297
D2015,90,0.0,0.6838733976412911,0.0,0.009911208661467986,0.0,0.07308970099667775,0.9869246493685718
D2015,85,0.6123594641685486,1.530769180511052,0.005617976654320955,0.0085042732250614,0.10409745293466224,0.17940199335548174,0.9864250485348347
D2015,80,0.44886550307273865,2.5995273868684263,0.002914711134508252,0.008331818547655212,0.16832779623477298,0.2912513842746401,0.9882845674905292
D1613,100,3108.005859375,0.0,1.3819501399993896,0.0,1.0,0.0,-37.79327546083624
D1613,95,3525.24755859375,40.07133303056459,2.002981662750244,0.0655831964493692,1.0,0.4875,-31.027482728163648
D1613,90,2675.248046875,65.90510310892836,1.013351559638977,0.06258794217372114,1.0,0.7204545454545455,-43.656202203661884
D1613,85,5392.5048828125,84.91501534345882,2.0426154136657715,0.06166667780933829,1.0,0.8511363636363637,-35.77710301599272
D1613,80,4797.2197265625,98.32337425468312,1.8171286582946777,0.06118442704087313,1.0,0.9238636363636363,-48.9434052769395
D1612,100,1003.1957397460938,0.0,0.6102163791656494,0.0,0.9931818181818182,0.0,-0.11085893520735168
D1612,95,4.879387378692627,38.50252435712135,0.03934989869594574,0.06449334063169405,0.08522727272727272,0.4784090909090909,0.04452655536757236
D1612,90,155.7338409423828,63.79587710896862,0.15388719737529755,0.06328956062397681,0.5818181818181818,0.6988636363636364,-2.3364638037278116
D1612,85,6.378805160522461,80.85960896780067,0.13571925461292267,0.06125727952106111,0.01818181818181818,0.825,-2.732662006835035
D1612,80,947.16015625,94.74831127969293,0.36027392745018005,0.0620893258713584,0.9988636363636364,0.8920454545454546,-32.241058526433896
